Iteration,Topic,alpha
1,1_Economic Cooperation,0.6951014816848528
1,2_Belt and Road Initiative (BRI),0.13893254359183912
1,3_Diplomatic Relations,0.2820462567398108
1,4_Technology and Innovation,0.4505162721578044
1,5_Cultural Exchange,0.21114296748702632
1,6_Geopolitical Strategy,0.7382634631783227
1,7_Trade Agreements,0.16421977995627002
1,8_Infrastructure Development,1.0828877899083358
10,1_Economic Cooperation,0.16597081521808524
10,2_Belt and Road Initiative (BRI),0.18149478522886145
10,3_Diplomatic Relations,0.1251819178051661
10,4_Technology and Innovation,0.2612665577661649
10,5_Cultural Exchange,0.1968810439276148
10,6_Geopolitical Strategy,0.1961696302790926
10,7_Trade Agreements,0.1569887316375532
10,8_Infrastructure Development,0.1528291044090381
20,1_Economic Cooperation,0.14697899167534406
20,2_Belt and Road Initiative (BRI),0.15969900108172597
20,3_Diplomatic Relations,0.11519523542482296
20,4_Technology and Innovation,0.2725990359001809
20,5_Cultural Exchange,0.16780103515128775
20,6_Geopolitical Strategy,0.20369589705788269
20,7_Trade Agreements,0.136827372693295
20,8_Infrastructure Development,0.16326941789474508
30,1_Economic Cooperation,0.13971003620592992
30,2_Belt and Road Initiative (BRI),0.15189073538074271
30,3_Diplomatic Relations,0.1305143335102704
30,4_Technology and Innovation,0.27659075639333336
30,5_Cultural Exchange,0.15005064300128432
30,6_Geopolitical Strategy,0.19156267713606168
30,7_Trade Agreements,0.13412698984189758
30,8_Infrastructure Development,0.14551348462962893
40,1_Economic Cooperation,0.13943066882146538
40,2_Belt and Road Initiative (BRI),0.1579889473912176
40,3_Diplomatic Relations,0.11874549985986008
40,4_Technology and Innovation,0.28597938185895194
40,5_Cultural Exchange,0.1415454569678774
40,6_Geopolitical Strategy,0.18898021016138833
40,7_Trade Agreements,0.11754403767951167
40,8_Infrastructure Development,0.14506722356089222
50,1_Economic Cooperation,0.13955125784090736
50,2_Belt and Road Initiative (BRI),0.1476030890286525
50,3_Diplomatic Relations,0.11109568366171584
50,4_Technology and Innovation,0.2813468454903769
50,5_Cultural Exchange,0.13533973493707385
50,6_Geopolitical Strategy,0.19071343600533047
50,7_Trade Agreements,0.1056186557882894
50,8_Infrastructure Development,0.15206836775063545
60,1_Economic Cooperation,0.1295391895612983
60,2_Belt and Road Initiative (BRI),0.14543777844727168
60,3_Diplomatic Relations,0.10865465425860298
60,4_Technology and Innovation,0.2714914124063688
60,5_Cultural Exchange,0.12451464996323387
60,6_Geopolitical Strategy,0.1797634050857453
60,7_Trade Agreements,0.09924419395631347
60,8_Infrastructure Development,0.1499936766778888
70,1_Economic Cooperation,0.13363661806512478
70,2_Belt and Road Initiative (BRI),0.13291224177243804
70,3_Diplomatic Relations,0.10757293214820508
70,4_Technology and Innovation,0.27340374371186604
70,5_Cultural Exchange,0.12145085855550497
70,6_Geopolitical Strategy,0.17302830036403505
70,7_Trade Agreements,0.0990890446428892
70,8_Infrastructure Development,0.14059923219357343
80,1_Economic Cooperation,0.13198237460146786
80,2_Belt and Road Initiative (BRI),0.14361868391474106
80,3_Diplomatic Relations,0.08929666844200362
80,4_Technology and Innovation,0.27083176333555947
80,5_Cultural Exchange,0.11601895544891203
80,6_Geopolitical Strategy,0.18112635321564763
80,7_Trade Agreements,0.0892493319359319
80,8_Infrastructure Development,0.14119047028938633
90,1_Economic Cooperation,0.13917284478126213
90,2_Belt and Road Initiative (BRI),0.13650809669373679
90,3_Diplomatic Relations,0.09492486570914581
90,4_Technology and Innovation,0.2549843567858114
90,5_Cultural Exchange,0.1123194738972065
90,6_Geopolitical Strategy,0.1893117777631713
90,7_Trade Agreements,0.09056855528598119
90,8_Infrastructure Development,0.13742294258098006
100,1_Economic Cooperation,0.14411066063072978
100,2_Belt and Road Initiative (BRI),0.13948796436070107
100,3_Diplomatic Relations,0.08756116357400448
100,4_Technology and Innovation,0.26368151054190236
100,5_Cultural Exchange,0.10670527245675455
100,6_Geopolitical Strategy,0.18105327524468434
100,7_Trade Agreements,0.09289331737364093
100,8_Infrastructure Development,0.14568993721537385
110,1_Economic Cooperation,0.1320580604805268
110,2_Belt and Road Initiative (BRI),0.13006879629329102
110,3_Diplomatic Relations,0.08583633624944384
110,4_Technology and Innovation,0.24115401799331077
110,5_Cultural Exchange,0.10060291089876683
110,6_Geopolitical Strategy,0.18001253890415247
110,7_Trade Agreements,0.08113600649469443
110,8_Infrastructure Development,0.1343771054837965
120,1_Economic Cooperation,0.13305608742586403
120,2_Belt and Road Initiative (BRI),0.12723970349508243
120,3_Diplomatic Relations,0.08478225465417762
120,4_Technology and Innovation,0.25143340923284563
120,5_Cultural Exchange,0.09932794664016006
120,6_Geopolitical Strategy,0.1638707980186821
120,7_Trade Agreements,0.07664557039878217
120,8_Infrastructure Development,0.13879589883745827
130,1_Economic Cooperation,0.12969831098184714
130,2_Belt and Road Initiative (BRI),0.12684760602912862
130,3_Diplomatic Relations,0.08549537585241547
130,4_Technology and Innovation,0.25244470306387323
130,5_Cultural Exchange,0.09761605794511725
130,6_Geopolitical Strategy,0.1661674783425544
130,7_Trade Agreements,0.07709448505268848
130,8_Infrastructure Development,0.13070194866983936
140,1_Economic Cooperation,0.1386960585746977
140,2_Belt and Road Initiative (BRI),0.12507762553975404
140,3_Diplomatic Relations,0.08194960605560037
140,4_Technology and Innovation,0.23613552801257046
140,5_Cultural Exchange,0.09020244863211321
140,6_Geopolitical Strategy,0.17082117785991446
140,7_Trade Agreements,0.07650541205315822
140,8_Infrastructure Development,0.13318275292925402
150,1_Economic Cooperation,0.13039884224817258
150,2_Belt and Road Initiative (BRI),0.1226678419874082
150,3_Diplomatic Relations,0.08439696838097033
150,4_Technology and Innovation,0.23716529531091268
150,5_Cultural Exchange,0.08712678404216487
150,6_Geopolitical Strategy,0.15666338242817238
150,7_Trade Agreements,0.07298895169865496
150,8_Infrastructure Development,0.12708169707412909
160,1_Economic Cooperation,0.12932141022086807
160,2_Belt and Road Initiative (BRI),0.11924498010371742
160,3_Diplomatic Relations,0.07607428715498728
160,4_Technology and Innovation,0.24954894411082293
160,5_Cultural Exchange,0.08384984122908215
160,6_Geopolitical Strategy,0.15735730769861195
160,7_Trade Agreements,0.07215504292674092
160,8_Infrastructure Development,0.12221047493203586
170,1_Economic Cooperation,0.12915022219689157
170,2_Belt and Road Initiative (BRI),0.11332062145459533
170,3_Diplomatic Relations,0.07592887199117448
170,4_Technology and Innovation,0.230131296070891
170,5_Cultural Exchange,0.08677749273507447
170,6_Geopolitical Strategy,0.15083056877529755
170,7_Trade Agreements,0.06928518524135312
170,8_Infrastructure Development,0.12809429113185405
180,1_Economic Cooperation,0.12498272836953385
180,2_Belt and Road Initiative (BRI),0.11869333711024865
180,3_Diplomatic Relations,0.06791032386315639
180,4_Technology and Innovation,0.22469068062459774
180,5_Cultural Exchange,0.08147745639348335
180,6_Geopolitical Strategy,0.15511941716472347
180,7_Trade Agreements,0.06800619221082407
180,8_Infrastructure Development,0.1254126660160995
190,1_Economic Cooperation,0.12207513451957436
190,2_Belt and Road Initiative (BRI),0.12434502457545116
190,3_Diplomatic Relations,0.07585482292055784
190,4_Technology and Innovation,0.22864728660227482
190,5_Cultural Exchange,0.08458923593823992
190,6_Geopolitical Strategy,0.15673324605699876
190,7_Trade Agreements,0.06973302975102054
190,8_Infrastructure Development,0.1268108625127366
200,1_Economic Cooperation,0.12169392994339463
200,2_Belt and Road Initiative (BRI),0.12484179250040939
200,3_Diplomatic Relations,0.06822253120199889
200,4_Technology and Innovation,0.22482247011122886
200,5_Cultural Exchange,0.07637318268077566
200,6_Geopolitical Strategy,0.1481963599210836
200,7_Trade Agreements,0.06975328326299632
200,8_Infrastructure Development,0.1309272509475234
210,1_Economic Cooperation,0.12579395706331256
210,2_Belt and Road Initiative (BRI),0.12240939999160738
210,3_Diplomatic Relations,0.0629301698216945
210,4_Technology and Innovation,0.22470555752786767
210,5_Cultural Exchange,0.07546483339049083
210,6_Geopolitical Strategy,0.14416848471824917
210,7_Trade Agreements,0.06723455660092535
210,8_Infrastructure Development,0.12337897901188732
220,1_Economic Cooperation,0.12528444490501098
220,2_Belt and Road Initiative (BRI),0.11825795832088223
220,3_Diplomatic Relations,0.0668469090944367
220,4_Technology and Innovation,0.22902453624283026
220,5_Cultural Exchange,0.07364624267441519
220,6_Geopolitical Strategy,0.1550643437617667
220,7_Trade Agreements,0.06067944923149962
220,8_Infrastructure Development,0.12315551712936858
230,1_Economic Cooperation,0.12479206851761228
230,2_Belt and Road Initiative (BRI),0.12543848126710716
230,3_Diplomatic Relations,0.06708648076908341
230,4_Technology and Innovation,0.21441930591462705
230,5_Cultural Exchange,0.07119266334644143
230,6_Geopolitical Strategy,0.15088728257328116
230,7_Trade Agreements,0.06395419057760479
230,8_Infrastructure Development,0.12043382705292385
240,1_Economic Cooperation,0.12510314007490667
240,2_Belt and Road Initiative (BRI),0.12316110454036591
240,3_Diplomatic Relations,0.060482916053280995
240,4_Technology and Innovation,0.22814049244391055
240,5_Cultural Exchange,0.06841994111983776
240,6_Geopolitical Strategy,0.14895284995016586
240,7_Trade Agreements,0.0638299641127574
240,8_Infrastructure Development,0.11883942439577432
250,1_Economic Cooperation,0.12539291313354062
250,2_Belt and Road Initiative (BRI),0.11895575127243295
250,3_Diplomatic Relations,0.05395085878685385
250,4_Technology and Innovation,0.2256525804879794
250,5_Cultural Exchange,0.06825440362141846
250,6_Geopolitical Strategy,0.15956112030750358
250,7_Trade Agreements,0.06345373832541099
250,8_Infrastructure Development,0.11914220844425787
260,1_Economic Cooperation,0.12489102630994604
260,2_Belt and Road Initiative (BRI),0.1136008564990944
260,3_Diplomatic Relations,0.06114097972153379
260,4_Technology and Innovation,0.21980258836556707
260,5_Cultural Exchange,0.0680027323917822
260,6_Geopolitical Strategy,0.14449811098484744
260,7_Trade Agreements,0.06003835100640452
260,8_Infrastructure Development,0.1142953436671251
270,1_Economic Cooperation,0.11507853336430299
270,2_Belt and Road Initiative (BRI),0.10544023821607046
270,3_Diplomatic Relations,0.06113440521812282
270,4_Technology and Innovation,0.21484056249350125
270,5_Cultural Exchange,0.06595554260903891
270,6_Geopolitical Strategy,0.14948233430918853
270,7_Trade Agreements,0.0572589498704653
270,8_Infrastructure Development,0.12132570167404683
280,1_Economic Cooperation,0.11782610381076326
280,2_Belt and Road Initiative (BRI),0.110882673184066
280,3_Diplomatic Relations,0.06239874774271917
280,4_Technology and Innovation,0.20959785713261542
280,5_Cultural Exchange,0.06412614604468664
280,6_Geopolitical Strategy,0.14003269143879754
280,7_Trade Agreements,0.05937281436880272
280,8_Infrastructure Development,0.11699401458024784
290,1_Economic Cooperation,0.11612058062566492
290,2_Belt and Road Initiative (BRI),0.11195265636815843
290,3_Diplomatic Relations,0.057525837491044396
290,4_Technology and Innovation,0.21260536947541012
290,5_Cultural Exchange,0.06228338898035874
290,6_Geopolitical Strategy,0.14257279314060364
290,7_Trade Agreements,0.05597998778349682
290,8_Infrastructure Development,0.11495458408189806
300,1_Economic Cooperation,0.11683476952591289
300,2_Belt and Road Initiative (BRI),0.11414238081813266
300,3_Diplomatic Relations,0.055954329471593706
300,4_Technology and Innovation,0.20567525198762532
300,5_Cultural Exchange,0.058860333963286854
300,6_Geopolitical Strategy,0.1522140105870882
300,7_Trade Agreements,0.05782911278957991
300,8_Infrastructure Development,0.11267193625320299
310,1_Economic Cooperation,0.11626634120563804
310,2_Belt and Road Initiative (BRI),0.1211914303805485
310,3_Diplomatic Relations,0.059660977747235555
310,4_Technology and Innovation,0.21192731677645227
310,5_Cultural Exchange,0.06299814935556426
310,6_Geopolitical Strategy,0.13070433418204075
310,7_Trade Agreements,0.05455742528819286
310,8_Infrastructure Development,0.11691955926483102
320,1_Economic Cooperation,0.11897152249866164
320,2_Belt and Road Initiative (BRI),0.10978211169850029
320,3_Diplomatic Relations,0.05992729762288279
320,4_Technology and Innovation,0.21847828671811884
320,5_Cultural Exchange,0.05668843641815647
320,6_Geopolitical Strategy,0.1437906393288735
320,7_Trade Agreements,0.05908608322767057
320,8_Infrastructure Development,0.10750708642258214
330,1_Economic Cooperation,0.12028616238140223
330,2_Belt and Road Initiative (BRI),0.11143338955265489
330,3_Diplomatic Relations,0.054388861866128395
330,4_Technology and Innovation,0.21075080718533912
330,5_Cultural Exchange,0.059019949246975296
330,6_Geopolitical Strategy,0.13773934775148206
330,7_Trade Agreements,0.05484690996941231
330,8_Infrastructure Development,0.11474926487574201
340,1_Economic Cooperation,0.11556318784113022
340,2_Belt and Road Initiative (BRI),0.11629879026278901
340,3_Diplomatic Relations,0.05298349827317399
340,4_Technology and Innovation,0.1979739204018577
340,5_Cultural Exchange,0.058544016119931576
340,6_Geopolitical Strategy,0.13923513190663114
340,7_Trade Agreements,0.059310337755849096
340,8_Infrastructure Development,0.10935472945341577
350,1_Economic Cooperation,0.12292364750442795
350,2_Belt and Road Initiative (BRI),0.11436652324878002
350,3_Diplomatic Relations,0.04839619367052442
350,4_Technology and Innovation,0.20255017998381375
350,5_Cultural Exchange,0.05478662406272418
350,6_Geopolitical Strategy,0.1290108717790514
350,7_Trade Agreements,0.05482070359458192
350,8_Infrastructure Development,0.11276447008139286
360,1_Economic Cooperation,0.124016594968939
360,2_Belt and Road Initiative (BRI),0.11380817998629902
360,3_Diplomatic Relations,0.049600240693870874
360,4_Technology and Innovation,0.19532739909977362
360,5_Cultural Exchange,0.050387471397495366
360,6_Geopolitical Strategy,0.13196516153202967
360,7_Trade Agreements,0.053076174655494725
360,8_Infrastructure Development,0.10969524384540612
370,1_Economic Cooperation,0.11877563448211553
370,2_Belt and Road Initiative (BRI),0.10574653616946715
370,3_Diplomatic Relations,0.04504169703041038
370,4_Technology and Innovation,0.2029007428344841
370,5_Cultural Exchange,0.05244013112959257
370,6_Geopolitical Strategy,0.13634596860305614
370,7_Trade Agreements,0.05766716684397832
370,8_Infrastructure Development,0.10813788526932931
380,1_Economic Cooperation,0.11839917292394533
380,2_Belt and Road Initiative (BRI),0.11086996434284256
380,3_Diplomatic Relations,0.051307413516313266
380,4_Technology and Innovation,0.212899006035138
380,5_Cultural Exchange,0.054010916014391404
380,6_Geopolitical Strategy,0.13262490423795392
380,7_Trade Agreements,0.052768465626774876
380,8_Infrastructure Development,0.11900039362382304
390,1_Economic Cooperation,0.121760740761178
390,2_Belt and Road Initiative (BRI),0.09774671491209985
390,3_Diplomatic Relations,0.04724051515970091
390,4_Technology and Innovation,0.1908588034020696
390,5_Cultural Exchange,0.048256300922886415
390,6_Geopolitical Strategy,0.13753335578623113
390,7_Trade Agreements,0.05295024847315272
390,8_Infrastructure Development,0.10952237417609065
400,1_Economic Cooperation,0.11616187534512798
400,2_Belt and Road Initiative (BRI),0.10288817213674567
400,3_Diplomatic Relations,0.048278768444762234
400,4_Technology and Innovation,0.19665566662617748
400,5_Cultural Exchange,0.047764567138563696
400,6_Geopolitical Strategy,0.1316678300688871
400,7_Trade Agreements,0.05482135104338114
400,8_Infrastructure Development,0.11320218801722429
410,1_Economic Cooperation,0.11825251765585039
410,2_Belt and Road Initiative (BRI),0.10516750772506152
410,3_Diplomatic Relations,0.04771327968598057
410,4_Technology and Innovation,0.2012463257926043
410,5_Cultural Exchange,0.05001637699720152
410,6_Geopolitical Strategy,0.13273500325374785
410,7_Trade Agreements,0.05590605520884547
410,8_Infrastructure Development,0.11263520658191085
420,1_Economic Cooperation,0.11140678050767547
420,2_Belt and Road Initiative (BRI),0.1048284057919653
420,3_Diplomatic Relations,0.0423350349495355
420,4_Technology and Innovation,0.20199938431427938
420,5_Cultural Exchange,0.05017523582158602
420,6_Geopolitical Strategy,0.1227512695446496
420,7_Trade Agreements,0.050816845611102064
420,8_Infrastructure Development,0.10866643510035884
430,1_Economic Cooperation,0.11844867109995566
430,2_Belt and Road Initiative (BRI),0.10117199655392316
430,3_Diplomatic Relations,0.04227748929973797
430,4_Technology and Innovation,0.19245305571360985
430,5_Cultural Exchange,0.04660897337925836
430,6_Geopolitical Strategy,0.1339705692971323
430,7_Trade Agreements,0.05184377193231578
430,8_Infrastructure Development,0.10986789306515435
440,1_Economic Cooperation,0.11279273560361049
440,2_Belt and Road Initiative (BRI),0.10098539964925679
440,3_Diplomatic Relations,0.04194464357413592
440,4_Technology and Innovation,0.18805872300230492
440,5_Cultural Exchange,0.0461008806253571
440,6_Geopolitical Strategy,0.12539123063654795
440,7_Trade Agreements,0.05054105420835765
440,8_Infrastructure Development,0.1059710846555885
450,1_Economic Cooperation,0.11618406668949452
450,2_Belt and Road Initiative (BRI),0.10495194075928788
450,3_Diplomatic Relations,0.04189607336161453
450,4_Technology and Innovation,0.1944072516753841
450,5_Cultural Exchange,0.04555637384363992
450,6_Geopolitical Strategy,0.1279844390600997
450,7_Trade Agreements,0.05469109232649904
450,8_Infrastructure Development,0.1105897963373194
460,1_Economic Cooperation,0.11274359060732149
460,2_Belt and Road Initiative (BRI),0.10280283438561744
460,3_Diplomatic Relations,0.04007217293549482
460,4_Technology and Innovation,0.185537521778218
460,5_Cultural Exchange,0.04690892790913493
460,6_Geopolitical Strategy,0.12569133285153253
460,7_Trade Agreements,0.05239106314693335
460,8_Infrastructure Development,0.10830202899391055
470,1_Economic Cooperation,0.11821629740638492
470,2_Belt and Road Initiative (BRI),0.10025550636300026
470,3_Diplomatic Relations,0.04206514025073542
470,4_Technology and Innovation,0.1887883868388148
470,5_Cultural Exchange,0.04051675017000373
470,6_Geopolitical Strategy,0.12325963576434378
470,7_Trade Agreements,0.0516144241455312
470,8_Infrastructure Development,0.1063190699555451
480,1_Economic Cooperation,0.11157765655745046
480,2_Belt and Road Initiative (BRI),0.09998490723295468
480,3_Diplomatic Relations,0.0369931970827843
480,4_Technology and Innovation,0.20110361260717324
480,5_Cultural Exchange,0.043157451845517635
480,6_Geopolitical Strategy,0.12899066283565266
480,7_Trade Agreements,0.051859472942311725
480,8_Infrastructure Development,0.10588080612116534
490,1_Economic Cooperation,0.11861127062186469
490,2_Belt and Road Initiative (BRI),0.0994210580789956
490,3_Diplomatic Relations,0.038533870388232895
490,4_Technology and Innovation,0.1940978657998827
490,5_Cultural Exchange,0.045445897948138164
490,6_Geopolitical Strategy,0.12943147058634505
490,7_Trade Agreements,0.056546193795111645
490,8_Infrastructure Development,0.11116350436513887
500,1_Economic Cooperation,0.10792342422131262
500,2_Belt and Road Initiative (BRI),0.09808189445660116
500,3_Diplomatic Relations,0.04129855600263168
500,4_Technology and Innovation,0.18392434068369112
500,5_Cultural Exchange,0.04526089608610848
500,6_Geopolitical Strategy,0.12692680867374725
500,7_Trade Agreements,0.05335403596526892
500,8_Infrastructure Development,0.10700798574961033
510,1_Economic Cooperation,0.10831595893607907
510,2_Belt and Road Initiative (BRI),0.09786931204310019
510,3_Diplomatic Relations,0.038857773270879435
510,4_Technology and Innovation,0.18905491531140262
510,5_Cultural Exchange,0.04473484996634092
510,6_Geopolitical Strategy,0.1230601884476484
510,7_Trade Agreements,0.05013504969280442
510,8_Infrastructure Development,0.10250016821094163
520,1_Economic Cooperation,0.11074962907822906
520,2_Belt and Road Initiative (BRI),0.10028923750904305
520,3_Diplomatic Relations,0.03879967970969391
520,4_Technology and Innovation,0.18461406658711807
520,5_Cultural Exchange,0.04231506491767183
520,6_Geopolitical Strategy,0.12421641136993172
520,7_Trade Agreements,0.050733579820053346
520,8_Infrastructure Development,0.10236927133038161
530,1_Economic Cooperation,0.1126761179248981
530,2_Belt and Road Initiative (BRI),0.10225537544168721
530,3_Diplomatic Relations,0.03733504324596788
530,4_Technology and Innovation,0.19289562987238776
530,5_Cultural Exchange,0.039308793497101285
530,6_Geopolitical Strategy,0.1313720213393963
530,7_Trade Agreements,0.049944700429681965
530,8_Infrastructure Development,0.10942042836175699
540,1_Economic Cooperation,0.11416196558116246
540,2_Belt and Road Initiative (BRI),0.10941063550110079
540,3_Diplomatic Relations,0.03476917776812307
540,4_Technology and Innovation,0.18818688635810216
540,5_Cultural Exchange,0.04138725488135521
540,6_Geopolitical Strategy,0.12550255869449495
540,7_Trade Agreements,0.049379383392606835
540,8_Infrastructure Development,0.10369791410128133
550,1_Economic Cooperation,0.10958632408323063
550,2_Belt and Road Initiative (BRI),0.09519237520465272
550,3_Diplomatic Relations,0.03681958023302515
550,4_Technology and Innovation,0.19840879557806443
550,5_Cultural Exchange,0.04257964635009399
550,6_Geopolitical Strategy,0.12334584037066655
550,7_Trade Agreements,0.05268407192232748
550,8_Infrastructure Development,0.1093986678338771
560,1_Economic Cooperation,0.11012344542442763
560,2_Belt and Road Initiative (BRI),0.09805423628101086
560,3_Diplomatic Relations,0.03749321309408921
560,4_Technology and Innovation,0.18524097643047543
560,5_Cultural Exchange,0.039073592147482794
560,6_Geopolitical Strategy,0.1255790487465074
560,7_Trade Agreements,0.05381590346223195
560,8_Infrastructure Development,0.1040771156469876
570,1_Economic Cooperation,0.11546773496309104
570,2_Belt and Road Initiative (BRI),0.10084633140655715
570,3_Diplomatic Relations,0.03489170585882448
570,4_Technology and Innovation,0.1901551357718441
570,5_Cultural Exchange,0.04293429098458432
570,6_Geopolitical Strategy,0.1292547481788947
570,7_Trade Agreements,0.04993897788325815
570,8_Infrastructure Development,0.11004951394604187
580,1_Economic Cooperation,0.10663699595917178
580,2_Belt and Road Initiative (BRI),0.09921670451605448
580,3_Diplomatic Relations,0.030584893366226922
580,4_Technology and Innovation,0.1999504374340981
580,5_Cultural Exchange,0.04232453234756979
580,6_Geopolitical Strategy,0.11978485414825397
580,7_Trade Agreements,0.051958945188740294
580,8_Infrastructure Development,0.10544470580553614
590,1_Economic Cooperation,0.11190946972658251
590,2_Belt and Road Initiative (BRI),0.10021338610555264
590,3_Diplomatic Relations,0.03499686234435239
590,4_Technology and Innovation,0.18776218843528916
590,5_Cultural Exchange,0.03955531824417017
590,6_Geopolitical Strategy,0.12344009926942688
590,7_Trade Agreements,0.05379377185445736
590,8_Infrastructure Development,0.10587692014019265
600,1_Economic Cooperation,0.11368076669930258
600,2_Belt and Road Initiative (BRI),0.09832040677407275
600,3_Diplomatic Relations,0.034340211012938604
600,4_Technology and Innovation,0.19329627662348647
600,5_Cultural Exchange,0.038049713644087546
600,6_Geopolitical Strategy,0.1254028938477509
600,7_Trade Agreements,0.048232603090768496
600,8_Infrastructure Development,0.10372455857497366
610,1_Economic Cooperation,0.10823094371234468
610,2_Belt and Road Initiative (BRI),0.10363413000355064
610,3_Diplomatic Relations,0.035095966029997115
610,4_Technology and Innovation,0.18963051586238974
610,5_Cultural Exchange,0.03818926767431078
610,6_Geopolitical Strategy,0.12290307463845755
610,7_Trade Agreements,0.049365479971474696
610,8_Infrastructure Development,0.10519641960008884
620,1_Economic Cooperation,0.1102241035756896
620,2_Belt and Road Initiative (BRI),0.1042063610016653
620,3_Diplomatic Relations,0.032328311858942554
620,4_Technology and Innovation,0.18223921319210168
620,5_Cultural Exchange,0.04116705807639256
620,6_Geopolitical Strategy,0.11535737365733786
620,7_Trade Agreements,0.04880998794080112
620,8_Infrastructure Development,0.10411017218949849
630,1_Economic Cooperation,0.11651070735488706
630,2_Belt and Road Initiative (BRI),0.10974709876371008
630,3_Diplomatic Relations,0.03316032049996923
630,4_Technology and Innovation,0.19118417650546474
630,5_Cultural Exchange,0.042093095384023026
630,6_Geopolitical Strategy,0.12221270184689079
630,7_Trade Agreements,0.05141355889095986
630,8_Infrastructure Development,0.10739167021949421
640,1_Economic Cooperation,0.11297102644975869
640,2_Belt and Road Initiative (BRI),0.0909504308826819
640,3_Diplomatic Relations,0.030921886727534504
640,4_Technology and Innovation,0.1812064966536886
640,5_Cultural Exchange,0.04204662498833872
640,6_Geopolitical Strategy,0.10961462827268507
640,7_Trade Agreements,0.05038459975250785
640,8_Infrastructure Development,0.10101604036749531
650,1_Economic Cooperation,0.11185369402469332
650,2_Belt and Road Initiative (BRI),0.09678678973971143
650,3_Diplomatic Relations,0.03115323133315103
650,4_Technology and Innovation,0.17124587621403817
650,5_Cultural Exchange,0.03864417692676347
650,6_Geopolitical Strategy,0.1176427732448241
650,7_Trade Agreements,0.050860994943203064
650,8_Infrastructure Development,0.10204337740505587
660,1_Economic Cooperation,0.10900429581318001
660,2_Belt and Road Initiative (BRI),0.09736026789096892
660,3_Diplomatic Relations,0.03285634386474331
660,4_Technology and Innovation,0.17786894253164284
660,5_Cultural Exchange,0.035473507103446114
660,6_Geopolitical Strategy,0.11941362313601947
660,7_Trade Agreements,0.05043085317690478
660,8_Infrastructure Development,0.1049751626312464
670,1_Economic Cooperation,0.10821069503923193
670,2_Belt and Road Initiative (BRI),0.09720806288660151
670,3_Diplomatic Relations,0.03271146710410115
670,4_Technology and Innovation,0.1814331498615601
670,5_Cultural Exchange,0.039522117361058214
670,6_Geopolitical Strategy,0.12721151411656229
670,7_Trade Agreements,0.04610251379253453
670,8_Infrastructure Development,0.10298652934584658
680,1_Economic Cooperation,0.11337575670613008
680,2_Belt and Road Initiative (BRI),0.09556996700147334
680,3_Diplomatic Relations,0.030618250828182432
680,4_Technology and Innovation,0.18458282685021576
680,5_Cultural Exchange,0.039358366905307196
680,6_Geopolitical Strategy,0.12114357699785655
680,7_Trade Agreements,0.05152836869507452
680,8_Infrastructure Development,0.09902907790563756
690,1_Economic Cooperation,0.10826729613475021
690,2_Belt and Road Initiative (BRI),0.0973966797194963
690,3_Diplomatic Relations,0.028626165912519375
690,4_Technology and Innovation,0.17317737328857263
690,5_Cultural Exchange,0.03901206328704733
690,6_Geopolitical Strategy,0.1121843293455226
690,7_Trade Agreements,0.04627967114043624
690,8_Infrastructure Development,0.10260055946335211
700,1_Economic Cooperation,0.11391437882146183
700,2_Belt and Road Initiative (BRI),0.09760840098307752
700,3_Diplomatic Relations,0.02773026632249471
700,4_Technology and Innovation,0.1772141191155063
700,5_Cultural Exchange,0.04092095531534265
700,6_Geopolitical Strategy,0.1153084350192215
700,7_Trade Agreements,0.04749407532235112
700,8_Infrastructure Development,0.10797266803243584
710,1_Economic Cooperation,0.10754871151939523
710,2_Belt and Road Initiative (BRI),0.09792961343495009
710,3_Diplomatic Relations,0.03038200111648801
710,4_Technology and Innovation,0.1699674959216811
710,5_Cultural Exchange,0.03702796684941595
710,6_Geopolitical Strategy,0.10956102559396691
710,7_Trade Agreements,0.05218933326380004
710,8_Infrastructure Development,0.09926354729840053
720,1_Economic Cooperation,0.10720980435390712
720,2_Belt and Road Initiative (BRI),0.09857853349582371
720,3_Diplomatic Relations,0.02630609883471567
720,4_Technology and Innovation,0.17834292791763204
720,5_Cultural Exchange,0.034127340917561234
720,6_Geopolitical Strategy,0.11863263514906584
720,7_Trade Agreements,0.04683309154277231
720,8_Infrastructure Development,0.10371561647853415
730,1_Economic Cooperation,0.11178525764506252
730,2_Belt and Road Initiative (BRI),0.095117350058618
730,3_Diplomatic Relations,0.029596761201802473
730,4_Technology and Innovation,0.1701768477846898
730,5_Cultural Exchange,0.03536578808557982
730,6_Geopolitical Strategy,0.10935543191941417
730,7_Trade Agreements,0.05097282622244845
730,8_Infrastructure Development,0.10903761060670847
740,1_Economic Cooperation,0.10776131492694825
740,2_Belt and Road Initiative (BRI),0.09826221545466853
740,3_Diplomatic Relations,0.03192982383697337
740,4_Technology and Innovation,0.17874745253270602
740,5_Cultural Exchange,0.03806340743031323
740,6_Geopolitical Strategy,0.11502846106777968
740,7_Trade Agreements,0.047301872868575345
740,8_Infrastructure Development,0.10518696405269841
750,1_Economic Cooperation,0.10452552214722893
750,2_Belt and Road Initiative (BRI),0.10461406890759217
750,3_Diplomatic Relations,0.025841754550707866
750,4_Technology and Innovation,0.17676627081631704
750,5_Cultural Exchange,0.033994373143497465
750,6_Geopolitical Strategy,0.11746363980290274
750,7_Trade Agreements,0.049969890733961624
750,8_Infrastructure Development,0.10455719140300197
760,1_Economic Cooperation,0.10285434082122732
760,2_Belt and Road Initiative (BRI),0.09134981699159138
760,3_Diplomatic Relations,0.02870040551097752
760,4_Technology and Innovation,0.17637860473630107
760,5_Cultural Exchange,0.03442593228629714
760,6_Geopolitical Strategy,0.10924624912827016
760,7_Trade Agreements,0.05032787277429202
760,8_Infrastructure Development,0.09994167630012486
770,1_Economic Cooperation,0.10036713215652171
770,2_Belt and Road Initiative (BRI),0.0914817450976229
770,3_Diplomatic Relations,0.02704357965261144
770,4_Technology and Innovation,0.17078744537811144
770,5_Cultural Exchange,0.03864321278645762
770,6_Geopolitical Strategy,0.11509925289716248
770,7_Trade Agreements,0.0452617652626487
770,8_Infrastructure Development,0.10055852741775038
780,1_Economic Cooperation,0.11256526052872991
780,2_Belt and Road Initiative (BRI),0.09085534372946877
780,3_Diplomatic Relations,0.02575998521664659
780,4_Technology and Innovation,0.18033730188549782
780,5_Cultural Exchange,0.03692086537209094
780,6_Geopolitical Strategy,0.1094992581020679
780,7_Trade Agreements,0.04827293344807639
780,8_Infrastructure Development,0.11164030581759384
790,1_Economic Cooperation,0.10140775071642326
790,2_Belt and Road Initiative (BRI),0.08969986598799497
790,3_Diplomatic Relations,0.02857009988100347
790,4_Technology and Innovation,0.17352073660968448
790,5_Cultural Exchange,0.03440300410450454
790,6_Geopolitical Strategy,0.11217692560604442
790,7_Trade Agreements,0.048730128945792574
790,8_Infrastructure Development,0.10146791061492419
800,1_Economic Cooperation,0.10078678256006514
800,2_Belt and Road Initiative (BRI),0.09296035927146105
800,3_Diplomatic Relations,0.02654403213468812
800,4_Technology and Innovation,0.17232310667470932
800,5_Cultural Exchange,0.03596573341016516
800,6_Geopolitical Strategy,0.10900223605820518
800,7_Trade Agreements,0.043866153300947314
800,8_Infrastructure Development,0.10761355175465914
810,1_Economic Cooperation,0.10700693512634617
810,2_Belt and Road Initiative (BRI),0.09090710751936526
810,3_Diplomatic Relations,0.026739994744927723
810,4_Technology and Innovation,0.16871783866369905
810,5_Cultural Exchange,0.03435357742611098
810,6_Geopolitical Strategy,0.11255861899510719
810,7_Trade Agreements,0.04846296730363706
810,8_Infrastructure Development,0.10595272466406148
820,1_Economic Cooperation,0.10012689540658339
820,2_Belt and Road Initiative (BRI),0.0930007232502233
820,3_Diplomatic Relations,0.026006213888143986
820,4_Technology and Innovation,0.16059689763507948
820,5_Cultural Exchange,0.032216234015344646
820,6_Geopolitical Strategy,0.1056161045002797
820,7_Trade Agreements,0.04582615869422782
820,8_Infrastructure Development,0.0977231343530409
830,1_Economic Cooperation,0.10726694923590853
830,2_Belt and Road Initiative (BRI),0.09133247522178825
830,3_Diplomatic Relations,0.02598981799965407
830,4_Technology and Innovation,0.17594266436819767
830,5_Cultural Exchange,0.03201974058875771
830,6_Geopolitical Strategy,0.1006561665283687
830,7_Trade Agreements,0.04461540322892972
830,8_Infrastructure Development,0.10094123956466723
840,1_Economic Cooperation,0.10084015510087176
840,2_Belt and Road Initiative (BRI),0.09506362914206315
840,3_Diplomatic Relations,0.027312723437551888
840,4_Technology and Innovation,0.16567427613758112
840,5_Cultural Exchange,0.03690177963807818
840,6_Geopolitical Strategy,0.11430014100898296
840,7_Trade Agreements,0.0509194885604272
840,8_Infrastructure Development,0.10223742623523245
850,1_Economic Cooperation,0.10605724635693368
850,2_Belt and Road Initiative (BRI),0.09356265883546924
850,3_Diplomatic Relations,0.024711307652928293
850,4_Technology and Innovation,0.1716899375874961
850,5_Cultural Exchange,0.0344851654286882
850,6_Geopolitical Strategy,0.1053957847135417
850,7_Trade Agreements,0.050367530433950834
850,8_Infrastructure Development,0.10604430175190045
860,1_Economic Cooperation,0.09904833763570649
860,2_Belt and Road Initiative (BRI),0.08965761880776985
860,3_Diplomatic Relations,0.023661954988540585
860,4_Technology and Innovation,0.17496036345082078
860,5_Cultural Exchange,0.03436701388768505
860,6_Geopolitical Strategy,0.0999334641462346
860,7_Trade Agreements,0.04386028198479327
860,8_Infrastructure Development,0.10026424590997826
870,1_Economic Cooperation,0.10387265748129883
870,2_Belt and Road Initiative (BRI),0.08978131548356334
870,3_Diplomatic Relations,0.026365325691395894
870,4_Technology and Innovation,0.1677476648002786
870,5_Cultural Exchange,0.036233164710314396
870,6_Geopolitical Strategy,0.1067393743120528
870,7_Trade Agreements,0.044025479377896595
870,8_Infrastructure Development,0.09778826092529289
880,1_Economic Cooperation,0.1061697780244399
880,2_Belt and Road Initiative (BRI),0.09299657119765097
880,3_Diplomatic Relations,0.028352214363508373
880,4_Technology and Innovation,0.16937449855196532
880,5_Cultural Exchange,0.033665631278537646
880,6_Geopolitical Strategy,0.10104038831534928
880,7_Trade Agreements,0.04454060349924502
880,8_Infrastructure Development,0.10176283817741921
890,1_Economic Cooperation,0.10001991682128043
890,2_Belt and Road Initiative (BRI),0.08648629478121789
890,3_Diplomatic Relations,0.02598149135543385
890,4_Technology and Innovation,0.17266449774251233
890,5_Cultural Exchange,0.03594196915825045
890,6_Geopolitical Strategy,0.10995959693866057
890,7_Trade Agreements,0.04537706084304057
890,8_Infrastructure Development,0.10029606627225471
900,1_Economic Cooperation,0.10944320056097612
900,2_Belt and Road Initiative (BRI),0.08877181408430077
900,3_Diplomatic Relations,0.02639472161866366
900,4_Technology and Innovation,0.15675848584146276
900,5_Cultural Exchange,0.033569224959135946
900,6_Geopolitical Strategy,0.10863846622377477
900,7_Trade Agreements,0.04670696250022543
900,8_Infrastructure Development,0.10554130962874662
910,1_Economic Cooperation,0.10478123777104986
910,2_Belt and Road Initiative (BRI),0.0862674055863788
910,3_Diplomatic Relations,0.025336666862680303
910,4_Technology and Innovation,0.1642272172043903
910,5_Cultural Exchange,0.031540551402516506
910,6_Geopolitical Strategy,0.11121884590266885
910,7_Trade Agreements,0.04354488072649358
910,8_Infrastructure Development,0.101629100175442
920,1_Economic Cooperation,0.10049703728801913
920,2_Belt and Road Initiative (BRI),0.08761137413255313
920,3_Diplomatic Relations,0.025558177814754765
920,4_Technology and Innovation,0.17676922422482105
920,5_Cultural Exchange,0.034843847900197955
920,6_Geopolitical Strategy,0.10943056740981885
920,7_Trade Agreements,0.047130244438495936
920,8_Infrastructure Development,0.0994737072539986
930,1_Economic Cooperation,0.10102419949504134
930,2_Belt and Road Initiative (BRI),0.09061246378438687
930,3_Diplomatic Relations,0.02701235251877056
930,4_Technology and Innovation,0.1669147777105867
930,5_Cultural Exchange,0.034591085825666584
930,6_Geopolitical Strategy,0.1067911878230275
930,7_Trade Agreements,0.04595447958104489
930,8_Infrastructure Development,0.10099433394993089
940,1_Economic Cooperation,0.10306589951192634
940,2_Belt and Road Initiative (BRI),0.091780341371202
940,3_Diplomatic Relations,0.02403018946403063
940,4_Technology and Innovation,0.1747736904652743
940,5_Cultural Exchange,0.036426864961122414
940,6_Geopolitical Strategy,0.11050095728301694
940,7_Trade Agreements,0.04450765638142067
940,8_Infrastructure Development,0.09860734169671671
950,1_Economic Cooperation,0.1026182203130905
950,2_Belt and Road Initiative (BRI),0.09314710958613076
950,3_Diplomatic Relations,0.026374701167868414
950,4_Technology and Innovation,0.18010105155067413
950,5_Cultural Exchange,0.03101887074318116
950,6_Geopolitical Strategy,0.10406968209251746
950,7_Trade Agreements,0.0431912862341348
950,8_Infrastructure Development,0.09338264636933866
960,1_Economic Cooperation,0.10287740742363771
960,2_Belt and Road Initiative (BRI),0.08506106308741543
960,3_Diplomatic Relations,0.022556527502427908
960,4_Technology and Innovation,0.16226203571847406
960,5_Cultural Exchange,0.035280236147685315
960,6_Geopolitical Strategy,0.10587480718915603
960,7_Trade Agreements,0.04331793191713617
960,8_Infrastructure Development,0.10560000285147982
970,1_Economic Cooperation,0.10004909287276287
970,2_Belt and Road Initiative (BRI),0.08566996921300919
970,3_Diplomatic Relations,0.02338079346502153
970,4_Technology and Innovation,0.16902761771612257
970,5_Cultural Exchange,0.03602675435508234
970,6_Geopolitical Strategy,0.11117423524781812
970,7_Trade Agreements,0.04761692807639077
970,8_Infrastructure Development,0.1020165908305054
980,1_Economic Cooperation,0.11109599666742612
980,2_Belt and Road Initiative (BRI),0.08983901052749181
980,3_Diplomatic Relations,0.023652367364390723
980,4_Technology and Innovation,0.16768647503045284
980,5_Cultural Exchange,0.035871368385752875
980,6_Geopolitical Strategy,0.10335680690733755
980,7_Trade Agreements,0.04523072424614412
980,8_Infrastructure Development,0.09819219473938375
990,1_Economic Cooperation,0.10508749756941194
990,2_Belt and Road Initiative (BRI),0.09496274110835186
990,3_Diplomatic Relations,0.024777450842793442
990,4_Technology and Innovation,0.17778858263240224
990,5_Cultural Exchange,0.03487200191731564
990,6_Geopolitical Strategy,0.09984966452133656
990,7_Trade Agreements,0.04831934026627628
990,8_Infrastructure Development,0.10122832065548415
1000,1_Economic Cooperation,0.09892993561559145
1000,2_Belt and Road Initiative (BRI),0.091658810522291
1000,3_Diplomatic Relations,0.026619712256324857
1000,4_Technology and Innovation,0.16536065287767632
1000,5_Cultural Exchange,0.03518417284354753
1000,6_Geopolitical Strategy,0.10423573218906415
1000,7_Trade Agreements,0.04482740951537175
1000,8_Infrastructure Development,0.10182411448980593
